{"count":1,"gauges":{},"self":0.12765869999999999,"total":0.128656,"children":null}