{"count":1,"gauges":{},"self":145.9821824,"total":149.2513731,"children":{"AgentResetIfDone":{"count":7040,"self":0.0264671,"total":0.0264671,"children":null},"AgentSendState":{"count":7040,"self":0.1426423,"total":0.24203829999999998,"children":{"CollectObservations":{"count":16896,"self":0.099396,"total":0.099396,"children":null}}},"DecideAction":{"count":7040,"self":2.7296286,"total":2.7296286,"children":null},"AcademyStep":{"count":7040,"self":0.0132938,"total":0.0132938,"children":null},"AgentAct":{"count":7040,"self":0.2577628,"total":0.2577628,"children":null}}}