Steps,Policy/Entropy,Policy/Learning Rate,Policy/Extrinsic Value Estimate,Losses/Value Loss,Losses/Policy Loss,Losses/Q1 Loss,Losses/Q2 Loss,Policy/Entropy Coeff,Environment/Cumulative Reward,Environment/Episode Length,Policy/Extrinsic Reward
60000,0.6200832,0.00029999999,2.317747,0.0054638083,-1.9936765,0.0021557272,0.002171783,0.0071910666,1.25089799724678,670.8295454545455,1.2508979019370268
120000,0.35527268,0.00029999999,2.7467096,0.0069681774,-2.4995694,0.0024710088,0.0024899263,0.008738232,2.8822017103989817,410.3888888888889,2.8822016565957003
