{
  "name": "root",
  "total": 40.843852399999996,
  "count": 1,
  "self": 40.843852399999996
}