{"cameraMode":{"drawMode":0,"name":"Shaded","section":"Shading Mode"},"sceneLighting":false,"audioPlay":false,"sceneViewState":{"showFog":true,"showMaterialUpdate":false,"showSkybox":false,"showFlares":true,"showImageEffects":true,"showParticleSystems":true},"in2DMode":false,"pivot":{"x":0.25686657428741457,"y":-0.5,"z":0.8631775379180908},"rotation":{"x":0.20039840042591096,"y":0.6974406242370606,"z":-0.21368400752544404,"w":0.6540438532829285},"size":1.4289418458938599,"orthographic":false}