{"cameraMode":{"drawMode":0,"name":"Shaded","section":"Shading Mode"},"sceneLighting":true,"audioPlay":false,"sceneViewState":{"showFog":true,"showMaterialUpdate":false,"showSkybox":true,"showFlares":true,"showImageEffects":true,"showParticleSystems":true},"in2DMode":false,"pivot":{"x":5.467718601226807,"y":-47.37654495239258,"z":24.708086013793947},"rotation":{"x":0.5004746317863464,"y":0.08285985141992569,"z":-0.04818298667669296,"w":0.8604542016983032},"size":82.88529968261719,"orthographic":false}