{"cameraMode":{"drawMode":0,"name":"Shaded","section":"Shading Mode"},"sceneLighting":false,"audioPlay":false,"sceneViewState":{"showFog":true,"showMaterialUpdate":false,"showSkybox":false,"showFlares":true,"showImageEffects":true,"showParticleSystems":true},"in2DMode":false,"pivot":{"x":-0.08118009567260742,"y":2.265281915664673,"z":0.5838483572006226},"rotation":{"x":0.33521270751953127,"y":0.4426913857460022,"z":-0.1829025000333786,"w":0.8113091588020325},"size":5.325723648071289,"orthographic":false}