{"cameraMode":{"drawMode":0,"name":"Shaded","section":"Shading Mode"},"sceneLighting":false,"audioPlay":false,"sceneViewState":{"showFog":true,"showMaterialUpdate":false,"showSkybox":false,"showFlares":true,"showImageEffects":true,"showParticleSystems":true},"in2DMode":false,"pivot":{"x":0.5417864322662354,"y":-18.995363235473634,"z":0.4289693832397461},"rotation":{"x":0.38284993171691897,"y":0.49927228689193728,"z":-0.26106730103492739,"w":0.7321373224258423},"size":33.0057487487793,"orthographic":false}