{"count":1,"gauges":{},"self":19.88356,"total":20.3135042,"children":{"AgentResetIfDone":{"count":1005,"self":0.0029916,"total":0.0029916,"children":null},"AgentSendState":{"count":1005,"self":0.0174686,"total":0.0374154,"children":{"CollectObservations":{"count":2412,"self":0.0199468,"total":0.0199468,"children":null}}},"DecideAction":{"count":1005,"self":0.35163639999999996,"total":0.35163639999999996,"children":null},"AcademyStep":{"count":1005,"self":0.0029920999999999997,"total":0.0029920999999999997,"children":null},"AgentAct":{"count":1005,"self":0.0339119,"total":0.0339119,"children":null}}}