{"count":1,"gauges":{},"self":16.2603072,"total":19.0553825,"children":{"AgentResetIfDone":{"count":866,"self":0.0368864,"total":0.0368864,"children":null},"AgentSendState":{"count":866,"self":0.0478027,"total":0.0568334,"children":{"CollectObservations":{"count":5568,"self":0.0090307,"total":0.0090307,"children":null}}},"DecideAction":{"count":866,"self":2.2147254,"total":2.6007287,"children":{"RayPerceptionSensor.Perceive":{"count":11136,"self":0.3860033,"total":0.3860033,"children":null}}},"AcademyStep":{"count":866,"self":0.0009991,"total":0.0009991,"children":null},"AgentAct":{"count":866,"self":0.097632799999999992,"total":0.097632799999999992,"children":null}}}